<?xml version="1.0" encoding="UTF-8"?>
<project-private xmlns="http://www.netbeans.org/ns/project-private/1">
    <editor-bookmarks xmlns="http://www.netbeans.org/ns/editor-bookmarks/2" lastBookmarkId="0"/>
    <open-files xmlns="http://www.netbeans.org/ns/projectui-open-files/2">
        <group>
            <file>file:/home/pedro/NetBeansProjects/clube_desportivo/src/clube_desportivo/ClubeImpl.java</file>
            <file>file:/home/pedro/NetBeansProjects/clube_desportivo/src/clube_desportivo/ClubeServer.java</file>
            <file>file:/home/pedro/NetBeansProjects/clube_desportivo/src/clube_desportivo/Clube.java</file>
            <file>file:/home/pedro/NetBeansProjects/clube_desportivo/src/clube_desportivo/ClubeClient.java</file>
            <file>file:/home/pedro/NetBeansProjects/clube_desportivo/src/clube_desportivo/config.properties</file>
        </group>
    </open-files>
</project-private>
